alpha,tau,D,npaths,mean_Ebar,std_Ebar,t_trans,T,dt,p_edge,net_seed,n_edges,n_triangles
0.250000,0.100000,0.160000,20,5.2461219687e-01,5.5033736989e-03,500.00,2000.00,0.0100,0.30,20250101,378,598
