alpha,tau,D,npaths,mean_Ebar,std_Ebar,t_trans,T,dt,p_edge,net_seed,n_edges,n_triangles
0.500000,0.200000,0.240000,20,6.1157198201e-01,5.7959816921e-03,500.00,2000.00,0.0100,0.30,20250101,378,598
