alpha,tau,D,npaths,mean_Ebar,std_Ebar,t_trans,T,dt,p_edge,net_seed,n_edges,n_triangles
0.000000,0.000000,0.570000,20,8.0791624970e-01,3.0612523721e-03,500.00,2000.00,0.0100,0.30,20250101,378,598
