alpha,tau,D,npaths,mean_Ebar,std_Ebar,t_trans,T,dt,p_edge,net_seed,n_edges,n_triangles
0.000000,0.100000,0.320000,20,6.7010752276e-01,6.5963176313e-03,500.00,2000.00,0.0100,0.30,20250101,378,598
