alpha,tau,D,npaths,mean_Ebar,std_Ebar,t_trans,T,dt,p_edge,net_seed,n_edges,n_triangles
0.000000,0.000000,0.710000,20,8.6170811199e-01,3.2367523390e-03,500.00,2000.00,0.0100,0.30,20250101,378,598
