alpha,tau,D,npaths,mean_Ebar,std_Ebar,t_trans,T,dt,p_edge,net_seed,n_edges,n_triangles
0.000000,0.100000,0.010000,20,4.1794686065e-01,2.6379655283e-01,500.00,2000.00,0.0100,0.30,20250101,378,598
