alpha,tau,D,npaths,mean_Ebar,std_Ebar,t_trans,T,dt,p_edge,net_seed,n_edges,n_triangles
0.750000,0.000000,0.030000,20,2.4832018148e-01,6.8556449799e-02,500.00,2000.00,0.0100,0.30,20250101,378,598
