alpha,tau,D,npaths,mean_Ebar,std_Ebar,t_trans,T,dt,p_edge,net_seed,n_edges,n_triangles
0.750000,0.200000,0.360000,20,7.1963487346e-01,4.9900105961e-03,500.00,2000.00,0.0100,0.30,20250101,378,598
