alpha,tau,D,npaths,mean_Ebar,std_Ebar,t_trans,T,dt,p_edge,net_seed,n_edges,n_triangles
0.250000,0.100000,0.620000,20,8.4492654612e-01,4.4407865673e-03,500.00,2000.00,0.0100,0.30,20250101,378,598
