alpha,tau,D,npaths,mean_Ebar,std_Ebar,t_trans,T,dt,p_edge,net_seed,n_edges,n_triangles
0.000000,0.000000,0.900000,20,9.2828975334e-01,3.6232619077e-03,500.00,2000.00,0.0100,0.30,20250101,378,598
