alpha,tau,D,npaths,mean_Ebar,std_Ebar,t_trans,T,dt,p_edge,net_seed,n_edges,n_triangles
0.500000,0.100000,0.820000,20,9.2294290577e-01,4.9546505629e-03,500.00,2000.00,0.0100,0.30,20250101,378,598
