alpha,tau,D,npaths,mean_Ebar,std_Ebar,t_trans,T,dt,p_edge,net_seed,n_edges,n_triangles
0.500000,0.100000,0.290000,20,6.5998781754e-01,8.1585472157e-03,500.00,2000.00,0.0100,0.30,20250101,378,598
