alpha,tau,D,npaths,mean_Ebar,std_Ebar,t_trans,T,dt,p_edge,net_seed,n_edges,n_triangles
0.750000,0.100000,0.450000,20,7.7250275003e-01,3.6619814248e-03,500.00,2000.00,0.0100,0.30,20250101,378,598
