alpha,tau,D,npaths,mean_Ebar,std_Ebar,t_trans,T,dt,p_edge,net_seed,n_edges,n_triangles
0.500000,0.000000,0.600000,20,8.2626499489e-01,3.9289422810e-03,500.00,2000.00,0.0100,0.30,20250101,378,598
