alpha,tau,D,npaths,mean_Ebar,std_Ebar,t_trans,T,dt,p_edge,net_seed,n_edges,n_triangles
0.750000,0.000000,0.840000,20,9.1973721933e-01,2.7423435501e-03,500.00,2000.00,0.0100,0.30,20250101,378,598
