alpha,tau,D,npaths,mean_Ebar,std_Ebar,t_trans,T,dt,p_edge,net_seed,n_edges,n_triangles
0.250000,0.000000,0.380000,20,7.1174383508e-01,3.5190753354e-03,500.00,2000.00,0.0100,0.30,20250101,378,598
