alpha,tau,D,npaths,mean_Ebar,std_Ebar,t_trans,T,dt,p_edge,net_seed,n_edges,n_triangles
0.250000,0.000000,0.060000,20,6.1873538074e-01,1.1277702387e-02,500.00,2000.00,0.0100,0.30,20250101,378,598
