alpha,tau,D,npaths,mean_Ebar,std_Ebar,t_trans,T,dt,p_edge,net_seed,n_edges,n_triangles
0.000000,0.100000,0.470000,20,7.6965219210e-01,4.3246873544e-03,500.00,2000.00,0.0100,0.30,20250101,378,598
