alpha,tau,D,npaths,mean_Ebar,std_Ebar,t_trans,T,dt,p_edge,net_seed,n_edges,n_triangles
0.500000,0.000000,0.860000,20,9.2150239826e-01,3.3207354780e-03,500.00,2000.00,0.0100,0.30,20250101,378,598
