alpha,tau,D,npaths,mean_Ebar,std_Ebar,t_trans,T,dt,p_edge,net_seed,n_edges,n_triangles
0.000000,0.000000,0.130000,20,4.8716912867e-01,7.5998770303e-03,500.00,2000.00,0.0100,0.30,20250101,378,598
