alpha,tau,D,npaths,mean_Ebar,std_Ebar,t_trans,T,dt,p_edge,net_seed,n_edges,n_triangles
0.500000,0.000000,0.490000,20,7.7850575687e-01,4.3617304424e-03,500.00,2000.00,0.0100,0.30,20250101,378,598
