alpha,tau,D,npaths,mean_Ebar,std_Ebar,t_trans,T,dt,p_edge,net_seed,n_edges,n_triangles
0.000000,0.000000,0.090000,20,5.1623343225e-01,9.9727433417e-03,500.00,2000.00,0.0100,0.30,20250101,378,598
