alpha,tau,D,npaths,mean_Ebar,std_Ebar,t_trans,T,dt,p_edge,net_seed,n_edges,n_triangles
0.750000,0.100000,0.940000,20,9.6539700049e-01,2.9340838438e-03,500.00,2000.00,0.0100,0.30,20250101,378,598
