alpha,tau,D,npaths,mean_Ebar,std_Ebar,t_trans,T,dt,p_edge,net_seed,n_edges,n_triangles
0.750000,0.100000,0.440000,20,7.6861269893e-01,4.8981257089e-03,500.00,2000.00,0.0100,0.30,20250101,378,598
