alpha,tau,D,npaths,mean_Ebar,std_Ebar,t_trans,T,dt,p_edge,net_seed,n_edges,n_triangles
0.750000,0.000000,0.700000,20,8.6847505395e-01,3.4107333700e-03,500.00,2000.00,0.0100,0.30,20250101,378,598
