alpha,tau,D,npaths,mean_Ebar,std_Ebar,t_trans,T,dt,p_edge,net_seed,n_edges,n_triangles
0.750000,0.100000,0.840000,20,9.3353589681e-01,3.8122114032e-03,500.00,2000.00,0.0100,0.30,20250101,378,598
