alpha,tau,D,npaths,mean_Ebar,std_Ebar,t_trans,T,dt,p_edge,net_seed,n_edges,n_triangles
0.750000,0.200000,0.290000,20,6.6383124296e-01,6.3325862593e-03,500.00,2000.00,0.0100,0.30,20250101,378,598
