alpha,tau,D,npaths,mean_Ebar,std_Ebar,t_trans,T,dt,p_edge,net_seed,n_edges,n_triangles
0.000000,0.100000,0.930000,20,9.5193223988e-01,3.1334467870e-03,500.00,2000.00,0.0100,0.30,20250101,378,598
