alpha,tau,D,npaths,mean_Ebar,std_Ebar,t_trans,T,dt,p_edge,net_seed,n_edges,n_triangles
0.000000,0.200000,0.340000,20,6.9137101042e-01,6.1657572767e-03,500.00,2000.00,0.0100,0.30,20250101,378,598
