alpha,tau,D,npaths,mean_Ebar,std_Ebar,t_trans,T,dt,p_edge,net_seed,n_edges,n_triangles
0.750000,0.200000,0.540000,20,8.2134520101e-01,5.9067392043e-03,500.00,2000.00,0.0100,0.30,20250101,378,598
