alpha,tau,D,npaths,mean_Ebar,std_Ebar,t_trans,T,dt,p_edge,net_seed,n_edges,n_triangles
0.000000,0.000000,0.030000,20,1.6175619362e-01,1.7085691050e-02,500.00,2000.00,0.0100,0.30,20250101,378,598
