alpha,tau,D,npaths,mean_Ebar,std_Ebar,t_trans,T,dt,p_edge,net_seed,n_edges,n_triangles
0.000000,0.000000,0.920000,20,9.3398322786e-01,3.7714151336e-03,500.00,2000.00,0.0100,0.30,20250101,378,598
